0.jpg,norm
1.jpg,norm
105.jpg,norm
125.jpg,defect5
128.jpg,defect8
101.jpg,defect10
103.jpg,defect10
12.jpg,norm
115.jpg,defect2
121.jpg,defect4
126.jpg,defect7
142.jpg,defect9
110.jpg,defect4
117.jpg,defect11
109.jpg,defect10
100.jpg,defect5
111.jpg,defect5
123.jpg,defect10
112.jpg,defect6
131.jpg,norm
140.jpg,defect5
149.jpg,defect7
116.jpg,defect8
134.jpg,defect11
13.jpg,norm
124.jpg,norm
129.jpg,defect11
148.jpg,norm
120.jpg,defect5
136.jpg,norm
145.jpg,norm
106.jpg,defect5
147.jpg,defect7
127.jpg,defect4
10.jpg,norm
113.jpg,norm
144.jpg,defect5
143.jpg,norm
132.jpg,defect5
15.jpg,defect7
137.jpg,defect2
133.jpg,defect10
122.jpg,defect2
11.jpg,defect6
130.jpg,defect4
104.jpg,defect11
119.jpg,defect10
114.jpg,defect5
138.jpg,defect8
150.jpg,defect6
102.jpg,defect10
108.jpg,defect3
107.jpg,norm
139.jpg,norm
14.jpg,defect5
118.jpg,defect6
151.jpg,norm
135.jpg,defect10
141.jpg,defect11
146.jpg,defect8
152.jpg,defect8
153.jpg,norm
154.jpg,norm
156.jpg,defect6
177.jpg,norm
187.jpg,defect5
200.jpg,norm
174.jpg,norm
189.jpg,norm
184.jpg,defect5
170.jpg,defect7
173.jpg,defect2
161.jpg,defect10
183.jpg,norm
195.jpg,norm
155.jpg,defect5
206.jpg,defect11
180.jpg,norm
175.jpg,defect2
201.jpg,defect11
191.jpg,defect6
169.jpg,defect4
215.jpg,norm
165.jpg,norm
176.jpg,defect11
164.jpg,defect1
208.jpg,defect8
182.jpg,defect10
172.jpg,defect9
211.jpg,defect8
20.jpg,norm
163.jpg,norm
166.jpg,defect2
16.jpg,defect8
217.jpg,defect6
18.jpg,defect10
160.jpg,norm
193.jpg,defect3
209.jpg,defect2
171.jpg,defect11
194.jpg,defect1
198.jpg,norm
223.jpg,norm
158.jpg,defect8
218.jpg,norm
186.jpg,defect5
228.jpg,defect10
214.jpg,defect5
17.jpg,norm
222.jpg,norm
162.jpg,defect2
23.jpg,norm
188.jpg,defect5
22.jpg,defect11
212.jpg,norm
210.jpg,defect2
220.jpg,norm
157.jpg,norm
233.jpg,defect8
159.jpg,defect10
239.jpg,norm
237.jpg,defect6
230.jpg,defect2
19.jpg,defect10
248.jpg,defect8
2.jpg,defect2
203.jpg,defect10
241.jpg,defect1
236.jpg,norm
24.jpg,defect4
243.jpg,norm
242.jpg,defect9
254.jpg,defect10
262.jpg,defect4
26.jpg,defect11
253.jpg,defect2
250.jpg,defect2
251.jpg,defect5
244.jpg,defect10
245.jpg,norm
263.jpg,defect5
276.jpg,defect10
235.jpg,defect4
25.jpg,defect4
266.jpg,norm
272.jpg,defect1
281.jpg,defect10
283.jpg,norm
279.jpg,norm
285.jpg,defect2
280.jpg,norm
286.jpg,norm
278.jpg,defect5
277.jpg,defect6
260.jpg,defect11
287.jpg,defect4
284.jpg,defect10
29.jpg,defect5
293.jpg,defect3
28.jpg,defect10
270.jpg,defect10
282.jpg,norm
288.jpg,defect2
296.jpg,defect5
300.jpg,defect11
292.jpg,defect9
289.jpg,defect5
30.jpg,defect5
298.jpg,norm
297.jpg,defect5
295.jpg,defect2
3.jpg,norm
290.jpg,defect11
301.jpg,defect10
304.jpg,defect9
299.jpg,defect11
307.jpg,defect6
302.jpg,norm
310.jpg,defect3
308.jpg,norm
31.jpg,defect8
309.jpg,norm
311.jpg,norm
303.jpg,norm
306.jpg,defect4
312.jpg,defect2
313.jpg,defect2
316.jpg,defect10
315.jpg,defect5
317.jpg,defect6
314.jpg,defect10
318.jpg,defect4
320.jpg,defect5
322.jpg,defect11
326.jpg,defect5
32.jpg,norm
319.jpg,norm
323.jpg,defect4
325.jpg,defect9
328.jpg,defect11
327.jpg,norm
334.jpg,norm
330.jpg,norm
329.jpg,norm
332.jpg,defect10
335.jpg,norm
331.jpg,defect10
33.jpg,defect10
338.jpg,defect5
339.jpg,defect5
340.jpg,norm
337.jpg,defect10
341.jpg,defect11
34.jpg,defect5
344.jpg,defect5
345.jpg,defect5
197.jpg,defect10
346.jpg,norm
348.jpg,defect6
168.jpg,defect5
179.jpg,defect1
349.jpg,norm
192.jpg,defect10
347.jpg,defect11
167.jpg,defect3
181.jpg,defect7
196.jpg,defect4
213.jpg,defect2
178.jpg,defect11
354.jpg,defect3
199.jpg,defect2
352.jpg,defect10
355.jpg,defect10
358.jpg,defect5
35.jpg,defect10
356.jpg,norm
190.jpg,defect11
185.jpg,defect8
351.jpg,norm
21.jpg,defect5
207.jpg,defect11
36.jpg,defect8
221.jpg,defect9
357.jpg,defect5
240.jpg,norm
205.jpg,defect5
202.jpg,defect7
359.jpg,defect4
366.jpg,norm
225.jpg,defect10
216.jpg,defect2
249.jpg,defect4
224.jpg,norm
37.jpg,defect11
204.jpg,defect5
362.jpg,defect9
364.jpg,defect2
368.jpg,defect8
361.jpg,defect5
232.jpg,defect3
238.jpg,defect10
246.jpg,defect10
375.jpg,defect2
378.jpg,norm
372.jpg,norm
255.jpg,defect7
385.jpg,defect10
219.jpg,defect4
227.jpg,defect5
370.jpg,defect10
261.jpg,defect10
373.jpg,defect2
264.jpg,defect10
231.jpg,norm
257.jpg,norm
265.jpg,norm
381.jpg,defect7
252.jpg,defect5
363.jpg,defect4
256.jpg,defect2
390.jpg,defect5
274.jpg,norm
374.jpg,norm
273.jpg,defect5
386.jpg,norm
275.jpg,norm
291.jpg,defect4
268.jpg,defect11
383.jpg,defect10
321.jpg,norm
267.jpg,norm
393.jpg,defect5
410.jpg,defect6
38.jpg,defect10
336.jpg,defect10
409.jpg,defect1
324.jpg,defect1
271.jpg,defect2
305.jpg,defect4
408.jpg,defect6
333.jpg,defect5
294.jpg,norm
384.jpg,defect3
388.jpg,defect5
342.jpg,defect8
404.jpg,norm
417.jpg,norm
414.jpg,defect5
419.jpg,defect6
343.jpg,defect2
389.jpg,defect5
407.jpg,defect5
399.jpg,defect5
40.jpg,defect2
382.jpg,norm
406.jpg,defect11
397.jpg,norm
401.jpg,norm
41.jpg,defect9
412.jpg,norm
350.jpg,norm
395.jpg,defect2
411.jpg,defect5
403.jpg,defect4
387.jpg,defect10
398.jpg,defect8
405.jpg,norm
39.jpg,defect11
413.jpg,defect5
353.jpg,norm
415.jpg,defect2
269.jpg,defect5
394.jpg,norm
4.jpg,defect10
418.jpg,norm
416.jpg,norm
396.jpg,defect10
391.jpg,norm
27.jpg,defect5
258.jpg,defect7
259.jpg,defect11
379.jpg,defect2
377.jpg,defect2
234.jpg,defect11
367.jpg,defect8
376.jpg,defect2
247.jpg,norm
371.jpg,defect10
365.jpg,norm
402.jpg,defect2
400.jpg,norm
392.jpg,defect2
229.jpg,norm
226.jpg,defect11
360.jpg,defect6
380.jpg,defect2
369.jpg,defect8
436.jpg,defect4
429.jpg,defect3
57.jpg,defect5
428.jpg,norm
70.jpg,defect11
421.jpg,defect4
63.jpg,defect7
42.jpg,defect5
79.jpg,defect5
66.jpg,defect5
5.jpg,norm
76.jpg,defect5
62.jpg,defect6
78.jpg,defect8
73.jpg,norm
83.jpg,defect4
54.jpg,norm
437.jpg,defect4
47.jpg,norm
59.jpg,defect10
44.jpg,defect5
61.jpg,norm
74.jpg,norm
427.jpg,defect10
439.jpg,defect4
77.jpg,defect11
420.jpg,defect3
424.jpg,defect10
72.jpg,norm
8.jpg,norm
56.jpg,defect10
68.jpg,defect8
426.jpg,norm
58.jpg,defect6
52.jpg,defect5
82.jpg,defect5
55.jpg,norm
46.jpg,norm
75.jpg,norm
51.jpg,defect11
60.jpg,defect8
53.jpg,norm
438.jpg,defect5
65.jpg,defect10
90.jpg,defect3
50.jpg,defect4
9.jpg,defect3
88.jpg,norm
64.jpg,defect8
92.jpg,norm
86.jpg,defect5
87.jpg,defect11
96.jpg,norm
430.jpg,norm
91.jpg,defect10
425.jpg,defect4
94.jpg,norm
80.jpg,norm
85.jpg,defect3
71.jpg,defect4
45.jpg,defect11
7.jpg,defect10
433.jpg,defect6
434.jpg,defect7
49.jpg,defect10
98.jpg,norm
69.jpg,defect6
67.jpg,defect11
423.jpg,defect11
99.jpg,defect5
6.jpg,defect9
48.jpg,norm
431.jpg,defect5
89.jpg,norm
97.jpg,norm
95.jpg,defect7
432.jpg,defect5
422.jpg,defect11
435.jpg,defect8
43.jpg,defect10
81.jpg,defect7
93.jpg,norm
84.jpg,defect4
